longitude,latitude
19.671875,64.796875
19.671875,59.128125
19.671875,53.459375
19.671875,47.790625
19.671875,42.121875
19.671875,36.453125
19.671875,30.784375
19.671875,25.115625
19.671875,19.446875
19.671875,13.778125
19.671875,8.109375
19.671875,8.109375
20.8640625,8.109375
22.05625,8.109375
23.2484375,8.109375
24.440625,8.109375
25.6328125,8.109375
26.825,8.109375
28.0171875,8.109375
29.209375,8.109375
30.4015625,8.109375
31.59375,8.109375
31.59375,8.109375
33.103125,8.109375
34.6125,8.109375
36.121875,8.109375
37.63125,8.109375
39.140625,8.109375
40.65,8.109375
42.159375,8.109375
43.66875,8.109375
45.178125,8.109375
46.6875,8.109375
53.6875,14.9375
60.6875,21.78125
60.6875,36.53125
60.6875,51.171875
53.6875,57.984375
46.6875,64.796875
31.59375,64.796875
19.671875,64.796875
19.671875,64.796875
17.7046875,58.3171875
15.7375,51.8375
13.7703125,45.3578125
11.803125,38.878125
9.8359375,32.3984375
7.86875,25.91875
5.9015625,19.4390625
3.934375,12.959375
1.9671875,6.4796875
0,0
9.8125,72.90625
9.8125,72.90625
11.8390625,72.90625
13.865625,72.90625
15.8921875,72.90625
17.91875,72.90625
19.9453125,72.90625
21.971875,72.90625
23.9984375,72.90625
26.025,72.90625
28.0515625,72.90625
30.078125,72.90625
30.078125,72.90625
32.196875,72.90625
34.315625,72.90625
36.434375,72.90625
38.553125,72.90625
40.671875,72.90625
42.790625,72.90625
44.909375,72.90625
47.028125,72.90625
49.146875,72.90625
51.265625,72.90625
61.171875,64.09375
71.09375,55.28125
71.09375,36.53125
71.09375,17.671875
61.125,8.828125
51.171875,0
30.078125,0
9.8125,0
9.8125,0
9.8125,7.290625
9.8125,14.58125
9.8125,21.871875
9.8125,29.1625
9.8125,36.453125
9.8125,43.74375
9.8125,51.034375
9.8125,58.325
9.8125,65.615625
9.8125,72.90625
9.8125,72.90625
8.83125,65.615625
7.85,58.325
6.86875,51.034375
5.8875,43.74375
4.90625,36.453125
3.925,29.1625
2.94375,21.871875
1.9625,14.58125
0.981249999999999,7.29062499999999
0,0
118.111328125,46.296875
118.111328125,46.296875
117.959765625,46.384375
117.808203125,46.471875
117.656640625,46.559375
117.505078125,46.646875
117.353515625,46.734375
117.201953125,46.821875
117.050390625,46.909375
116.898828125,46.996875
116.747265625,47.084375
116.595703125,47.171875
114.814453125,47.578125
113.033203125,48
110.892578125,48
103.267578125,48
99.189453125,43.046875
95.111328125,38.09375
95.111328125,28.8125
95.111328125,0
95.111328125,0
94.208203125,0
93.305078125,0
92.401953125,0
91.498828125,0
90.595703125,0
89.692578125,0
88.789453125,0
87.886328125,0
86.983203125,0
86.080078125,0
86.080078125,0
86.080078125,5.46875
86.080078125,10.9375
86.080078125,16.40625
86.080078125,21.875
86.080078125,27.34375
86.080078125,32.8125
86.080078125,38.28125
86.080078125,43.75
86.080078125,49.21875
86.080078125,54.6875
86.080078125,54.6875
86.983203125,54.6875
87.886328125,54.6875
88.789453125,54.6875
89.692578125,54.6875
90.595703125,54.6875
91.498828125,54.6875
92.401953125,54.6875
93.305078125,54.6875
94.208203125,54.6875
95.111328125,54.6875
95.111328125,54.6875
95.111328125,53.8375
95.111328125,52.9875
95.111328125,52.1375
95.111328125,51.2875
95.111328125,50.4375
95.111328125,49.5875
95.111328125,48.7375
95.111328125,47.8875
95.111328125,47.0375
95.111328125,46.1875
95.111328125,46.1875
95.395703125,46.6859375
95.680078125,47.184375
95.964453125,47.6828125
96.248828125,48.18125
96.533203125,48.6796875
96.817578125,49.178125
97.101953125,49.6765625
97.386328125,50.175
97.670703125,50.6734375
97.955078125,51.171875
102.486328125,53.578125
107.033203125,56
113.533203125,56
114.455078125,56
115.580078125,55.875
116.705078125,55.765625
118.064453125,55.515625
118.111328125,46.296875
118.111328125,46.296875
114.000390625,41.6671875
109.889453125,37.0375
105.778515625,32.4078125
101.667578125,27.778125
97.556640625,23.1484375
93.445703125,18.51875
89.334765625,13.8890625
85.223828125,9.259375
81.112890625,4.6296875
77.001953125,0
146.474609375,48.390625
146.474609375,48.390625
145.752734375,48.390625
145.030859375,48.390625
144.308984375,48.390625
143.587109375,48.390625
142.865234375,48.390625
142.143359375,48.390625
141.421484375,48.390625
140.699609375,48.390625
139.977734375,48.390625
139.255859375,48.390625
135.052734375,42.75
130.849609375,37.109375
130.849609375,27.296875
130.849609375,17.484375
135.021484375,11.84375
139.208984375,6.203125
146.474609375,6.203125
153.662109375,6.203125
157.849609375,11.859375
162.052734375,17.53125
162.052734375,27.296875
162.052734375,37.015625
157.849609375,42.703125
153.662109375,48.390625
146.474609375,48.390625
115.865234375,0
146.474609375,56
146.474609375,56
147.646484375,56
148.818359375,56
149.990234375,56
151.162109375,56
152.333984375,56
153.505859375,56
154.677734375,56
155.849609375,56
157.021484375,56
158.193359375,56
164.880859375,48.375
171.583984375,40.765625
171.583984375,27.296875
171.583984375,13.875
164.880859375,6.21875
158.193359375,-1.421875
146.474609375,-1.421875
134.708984375,-1.421875
128.037109375,6.21875
121.380859375,13.875
121.380859375,27.296875
121.380859375,40.765625
128.037109375,48.375
134.708984375,56
146.474609375,56
115.865234375,0
231.9375,33.015625
231.9375,33.015625
231.9375,29.7140625
231.9375,26.4125
231.9375,23.1109375
231.9375,19.809375
231.9375,16.5078125
231.9375,13.20625
231.9375,9.9046875
231.9375,6.603125
231.9375,3.3015625
231.9375,0
231.9375,0
231.0390625,0
230.140625,0
229.2421875,0
228.34375,0
227.4453125,0
226.546875,0
225.6484375,0
224.75,0
223.8515625,0
222.953125,0
222.953125,0
222.953125,3.271875
222.953125,6.54375
222.953125,9.815625
222.953125,13.0875
222.953125,16.359375
222.953125,19.63125
222.953125,22.903125
222.953125,26.175
222.953125,29.446875
222.953125,32.71875
222.953125,32.71875
222.953125,33.4953125
222.953125,34.271875
222.953125,35.0484375
222.953125,35.825
222.953125,36.6015625
222.953125,37.378125
222.953125,38.1546875
222.953125,38.93125
222.953125,39.7078125
222.953125,40.484375
219.921875,44.328125
216.890625,48.1875
210.84375,48.1875
203.5625,48.1875
199.359375,43.546875
195.15625,38.921875
195.15625,30.90625
195.15625,0
195.15625,0
194.253125,0
193.35,0
192.446875,0
191.54375,0
190.640625,0
189.7375,0
188.834375,0
187.93125,0
187.028125,0
186.125,0
186.125,0
186.125,5.46875
186.125,10.9375
186.125,16.40625
186.125,21.875
186.125,27.34375
186.125,32.8125
186.125,38.28125
186.125,43.75
186.125,49.21875
186.125,54.6875
186.125,54.6875
187.028125,54.6875
187.93125,54.6875
188.834375,54.6875
189.7375,54.6875
190.640625,54.6875
191.54375,54.6875
192.446875,54.6875
193.35,54.6875
194.253125,54.6875
195.15625,54.6875
195.15625,54.6875
195.15625,53.8375
195.15625,52.9875
195.15625,52.1375
195.15625,51.2875
195.15625,50.4375
195.15625,49.5875
195.15625,48.7375
195.15625,47.8875
195.15625,47.0375
195.15625,46.1875
195.15625,46.1875
195.4796875,46.68125
195.803125,47.175
196.1265625,47.66875
196.45,48.1625
196.7734375,48.65625
197.096875,49.15
197.4203125,49.64375
197.74375,50.1375
198.0671875,50.63125
198.390625,51.125
202.75,53.5625
207.125,56
212.84375,56
222.265625,56
227.09375,50.171875
231.9375,44.34375
231.9375,33.015625
177.046875,0
296.62890625,29.59375
296.62890625,29.59375
296.62890625,29.1546875
296.62890625,28.715625
296.62890625,28.2765625
296.62890625,27.8375
296.62890625,27.3984375
296.62890625,26.959375
296.62890625,26.5203125
296.62890625,26.08125
296.62890625,25.6421875
296.62890625,25.203125
296.62890625,25.203125
292.49765625,25.203125
288.36640625,25.203125
284.23515625,25.203125
280.10390625,25.203125
275.97265625,25.203125
271.84140625,25.203125
267.71015625,25.203125
263.57890625,25.203125
259.44765625,25.203125
255.31640625,25.203125
255.31640625,25.203125
255.37578125,24.275
255.43515625,23.346875
255.49453125,22.41875
255.55390625,21.490625
255.61328125,20.5625
255.67265625,19.634375
255.73203125,18.70625
255.79140625,17.778125
255.85078125,16.85
255.91015625,15.921875
260.91015625,11.0625
265.91015625,6.203125
274.84765625,6.203125
280.01953125,6.203125
284.87890625,7.46875
289.73828125,8.734375
294.53515625,11.28125
294.53515625,2.78125
294.53515625,2.78125
294.05078125,2.5765625
293.56640625,2.371875
293.08203125,2.1671875
292.59765625,1.9625
292.11328125,1.7578125
291.62890625,1.553125
291.14453125,1.3484375
290.66015625,1.14375
290.17578125,0.9390625
289.69140625,0.734375
284.61328125,-0.34375
279.53515625,-1.421875
274.31640625,-1.421875
261.22265625,-1.421875
253.58203125,6.1875
245.94140625,13.8125
245.94140625,26.8125
245.94140625,40.234375
253.19140625,48.109375
260.44140625,56
272.75390625,56
283.78515625,56
290.20703125,48.890625
296.62890625,41.796875
296.62890625,29.59375
240.42578125,0
287.64453125,32.234375
287.64453125,32.234375
287.63515625,32.9703125
287.62578125,33.70625
287.61640625,34.4421875
287.60703125,35.178125
287.59765625,35.9140625
287.58828125,36.65
287.57890625,37.3859375
287.56953125,38.121875
287.56015625,38.8578125
287.55078125,39.59375
283.51953125,43.984375
279.48828125,48.390625
272.84765625,48.390625
265.33203125,48.390625
260.81640625,44.140625
256.30078125,39.890625
255.61328125,32.171875
287.64453125,32.234375
287.64453125,32.234375
282.92265625,29.0109375
278.20078125,25.7875
273.47890625,22.5640625
268.75703125,19.340625
264.03515625,16.1171875
259.31328125,12.89375
254.59140625,9.6703125
249.86953125,6.446875
245.14765625,3.2234375
240.42578125,0
321.62109375,64.796875
321.62109375,64.796875
321.62109375,59.128125
321.62109375,53.459375
321.62109375,47.790625
321.62109375,42.121875
321.62109375,36.453125
321.62109375,30.784375
321.62109375,25.115625
321.62109375,19.446875
321.62109375,13.778125
321.62109375,8.109375
321.62109375,8.109375
322.81328125,8.109375
324.00546875,8.109375
325.19765625,8.109375
326.38984375,8.109375
327.58203125,8.109375
328.77421875,8.109375
329.96640625,8.109375
331.15859375,8.109375
332.35078125,8.109375
333.54296875,8.109375
333.54296875,8.109375
335.05234375,8.109375
336.56171875,8.109375
338.07109375,8.109375
339.58046875,8.109375
341.08984375,8.109375
342.59921875,8.109375
344.10859375,8.109375
345.61796875,8.109375
347.12734375,8.109375
348.63671875,8.109375
355.63671875,14.9375
362.63671875,21.78125
362.63671875,36.53125
362.63671875,51.171875
355.63671875,57.984375
348.63671875,64.796875
333.54296875,64.796875
321.62109375,64.796875
321.62109375,64.796875
319.65390625,58.3171875
317.68671875,51.8375
315.71953125,45.3578125
313.75234375,38.878125
311.78515625,32.3984375
309.81796875,25.91875
307.85078125,19.4390625
305.88359375,12.959375
303.91640625,6.4796875
301.94921875,0
311.76171875,72.90625
311.76171875,72.90625
313.78828125,72.90625
315.81484375,72.90625
317.84140625,72.90625
319.86796875,72.90625
321.89453125,72.90625
323.92109375,72.90625
325.94765625,72.90625
327.97421875,72.90625
330.00078125,72.90625
332.02734375,72.90625
332.02734375,72.90625
334.14609375,72.90625
336.26484375,72.90625
338.38359375,72.90625
340.50234375,72.90625
342.62109375,72.90625
344.73984375,72.90625
346.85859375,72.90625
348.97734375,72.90625
351.09609375,72.90625
353.21484375,72.90625
363.12109375,64.09375
373.04296875,55.28125
373.04296875,36.53125
373.04296875,17.671875
363.07421875,8.828125
353.12109375,0
332.02734375,0
311.76171875,0
311.76171875,0
311.76171875,7.290625
311.76171875,14.58125
311.76171875,21.871875
311.76171875,29.1625
311.76171875,36.453125
311.76171875,43.74375
311.76171875,51.034375
311.76171875,58.325
311.76171875,65.615625
311.76171875,72.90625
311.76171875,72.90625
310.78046875,65.615625
309.79921875,58.325
308.81796875,51.034375
307.83671875,43.74375
306.85546875,36.453125
305.87421875,29.1625
304.89296875,21.871875
303.91171875,14.58125
302.93046875,7.29062499999999
301.94921875,0
413.232421875,27.484375
413.232421875,27.484375
412.143359375,27.484375
411.054296875,27.484375
409.965234375,27.484375
408.876171875,27.484375
407.787109375,27.484375
406.698046875,27.484375
405.608984375,27.484375
404.519921875,27.484375
403.430859375,27.484375
402.341796875,27.484375
398.138671875,25
393.935546875,22.515625
393.935546875,16.5
393.935546875,11.71875
397.091796875,8.90625
400.248046875,6.109375
405.654296875,6.109375
413.138671875,6.109375
417.654296875,11.40625
422.169921875,16.703125
422.169921875,25.484375
422.169921875,27.484375
422.169921875,27.484375
421.276171875,27.484375
420.382421875,27.484375
419.488671875,27.484375
418.594921875,27.484375
417.701171875,27.484375
416.807421875,27.484375
415.913671875,27.484375
415.019921875,27.484375
414.126171875,27.484375
413.232421875,27.484375
413.232421875,27.484375
409.804296875,24.7359375
406.376171875,21.9875
402.948046875,19.2390625
399.519921875,16.490625
396.091796875,13.7421875
392.663671875,10.99375
389.235546875,8.2453125
385.807421875,5.496875
382.379296875,2.7484375
378.951171875,0
431.154296875,31.203125
431.154296875,31.203125
431.154296875,28.0828125
431.154296875,24.9625
431.154296875,21.8421875
431.154296875,18.721875
431.154296875,15.6015625
431.154296875,12.48125
431.154296875,9.3609375
431.154296875,6.240625
431.154296875,3.1203125
431.154296875,0
431.154296875,0
430.255859375,0
429.357421875,0
428.458984375,0
427.560546875,0
426.662109375,0
425.763671875,0
424.865234375,0
423.966796875,0
423.068359375,0
422.169921875,0
422.169921875,0
422.169921875,0.8296875
422.169921875,1.659375
422.169921875,2.4890625
422.169921875,3.31875
422.169921875,4.1484375
422.169921875,4.978125
422.169921875,5.8078125
422.169921875,6.6375
422.169921875,7.4671875
422.169921875,8.296875
422.169921875,8.296875
421.862109375,7.8
421.554296875,7.303125
421.246484375,6.80625
420.938671875,6.309375
420.630859375,5.8125
420.323046875,5.315625
420.015234375,4.81875
419.707421875,4.321875
419.399609375,3.825
419.091796875,3.328125
414.498046875,0.953125
409.904296875,-1.421875
403.263671875,-1.421875
394.873046875,-1.421875
389.904296875,3.296875
384.951171875,8.015625
384.951171875,15.921875
384.951171875,25.140625
391.123046875,29.828125
397.310546875,34.515625
409.560546875,34.515625
422.169921875,34.515625
422.169921875,34.515625
422.169921875,34.6046875
422.169921875,34.69375
422.169921875,34.7828125
422.169921875,34.871875
422.169921875,34.9609375
422.169921875,35.05
422.169921875,35.1390625
422.169921875,35.228125
422.169921875,35.3171875
422.169921875,35.40625
422.169921875,35.40625
422.169921875,36.0265625
422.169921875,36.646875
422.169921875,37.2671875
422.169921875,37.8875
422.169921875,38.5078125
422.169921875,39.128125
422.169921875,39.7484375
422.169921875,40.36875
422.169921875,40.9890625
422.169921875,41.609375
418.091796875,45
414.013671875,48.390625
406.638671875,48.390625
401.951171875,48.390625
397.498046875,47.265625
393.060546875,46.140625
388.966796875,43.890625
388.966796875,52.203125
388.966796875,52.203125
389.458984375,52.39375
389.951171875,52.584375
390.443359375,52.775
390.935546875,52.965625
391.427734375,53.15625
391.919921875,53.346875
392.412109375,53.5375
392.904296875,53.728125
393.396484375,53.91875
393.888671875,54.109375
398.529296875,55.046875
403.169921875,56
407.560546875,56
419.435546875,56
425.294921875,49.84375
431.154296875,43.703125
431.154296875,31.203125
378.951171875,0
458.54296875,70.21875
458.54296875,70.21875
458.54296875,68.665625
458.54296875,67.1125
458.54296875,65.559375
458.54296875,64.00625
458.54296875,62.453125
458.54296875,60.9
458.54296875,59.346875
458.54296875,57.79375
458.54296875,56.240625
458.54296875,54.6875
458.54296875,54.6875
460.39296875,54.6875
462.24296875,54.6875
464.09296875,54.6875
465.94296875,54.6875
467.79296875,54.6875
469.64296875,54.6875
471.49296875,54.6875
473.34296875,54.6875
475.19296875,54.6875
477.04296875,54.6875
477.04296875,54.6875
477.04296875,53.9890625
477.04296875,53.290625
477.04296875,52.5921875
477.04296875,51.89375
477.04296875,51.1953125
477.04296875,50.496875
477.04296875,49.7984375
477.04296875,49.1
477.04296875,48.4015625
477.04296875,47.703125
477.04296875,47.703125
475.19296875,47.703125
473.34296875,47.703125
471.49296875,47.703125
469.64296875,47.703125
467.79296875,47.703125
465.94296875,47.703125
464.09296875,47.703125
462.24296875,47.703125
460.39296875,47.703125
458.54296875,47.703125
458.54296875,47.703125
458.54296875,44.734375
458.54296875,41.765625
458.54296875,38.796875
458.54296875,35.828125
458.54296875,32.859375
458.54296875,29.890625
458.54296875,26.921875
458.54296875,23.953125
458.54296875,20.984375
458.54296875,18.015625
458.54296875,18.015625
458.54296875,17.346875
458.54296875,16.678125
458.54296875,16.009375
458.54296875,15.340625
458.54296875,14.671875
458.54296875,14.003125
458.54296875,13.334375
458.54296875,12.665625
458.54296875,11.996875
458.54296875,11.328125
460.37109375,9.421875
462.19921875,7.515625
467.82421875,7.515625
477.04296875,7.515625
477.04296875,7.515625
477.04296875,6.7640625
477.04296875,6.0125
477.04296875,5.2609375
477.04296875,4.509375
477.04296875,3.7578125
477.04296875,3.00625
477.04296875,2.2546875
477.04296875,1.503125
477.04296875,0.7515625
477.04296875,0
477.04296875,0
476.12109375,0
475.19921875,0
474.27734375,0
473.35546875,0
472.43359375,0
471.51171875,0
470.58984375,0
469.66796875,0
468.74609375,0
467.82421875,0
467.82421875,0
466.78359375,0
465.74296875,0
464.70234375,0
463.66171875,0
462.62109375,0
461.58046875,0
460.53984375,0
459.49921875,0
458.45859375,0
457.41796875,0
453.46484375,3.875
449.51171875,7.765625
449.51171875,18.015625
449.51171875,47.703125
449.51171875,47.703125
448.85234375,47.703125
448.19296875,47.703125
447.53359375,47.703125
446.87421875,47.703125
446.21484375,47.703125
445.55546875,47.703125
444.89609375,47.703125
444.23671875,47.703125
443.57734375,47.703125
442.91796875,47.703125
442.91796875,47.703125
442.91796875,48.4015625
442.91796875,49.1
442.91796875,49.7984375
442.91796875,50.496875
442.91796875,51.1953125
442.91796875,51.89375
442.91796875,52.5921875
442.91796875,53.290625
442.91796875,53.9890625
442.91796875,54.6875
442.91796875,54.6875
443.57734375,54.6875
444.23671875,54.6875
444.89609375,54.6875
445.55546875,54.6875
446.21484375,54.6875
446.87421875,54.6875
447.53359375,54.6875
448.19296875,54.6875
448.85234375,54.6875
449.51171875,54.6875
449.51171875,54.6875
449.51171875,56.240625
449.51171875,57.79375
449.51171875,59.346875
449.51171875,60.9
449.51171875,62.453125
449.51171875,64.00625
449.51171875,65.559375
449.51171875,67.1125
449.51171875,68.665625
449.51171875,70.21875
449.51171875,70.21875
450.41484375,70.21875
451.31796875,70.21875
452.22109375,70.21875
453.12421875,70.21875
454.02734375,70.21875
454.93046875,70.21875
455.83359375,70.21875
456.73671875,70.21875
457.63984375,70.21875
458.54296875,70.21875
458.54296875,70.21875
456.71171875,63.196875
454.88046875,56.175
453.04921875,49.153125
451.21796875,42.13125
449.38671875,35.109375
447.55546875,28.0875
445.72421875,21.065625
443.89296875,14.04375
442.06171875,7.021875
440.23046875,0
513.720703125,27.484375
513.720703125,27.484375
512.631640625,27.484375
511.542578125,27.484375
510.453515625,27.484375
509.364453125,27.484375
508.275390625,27.484375
507.186328125,27.484375
506.097265625,27.484375
505.008203125,27.484375
503.919140625,27.484375
502.830078125,27.484375
498.626953125,25
494.423828125,22.515625
494.423828125,16.5
494.423828125,11.71875
497.580078125,8.90625
500.736328125,6.109375
506.142578125,6.109375
513.626953125,6.109375
518.142578125,11.40625
522.658203125,16.703125
522.658203125,25.484375
522.658203125,27.484375
522.658203125,27.484375
521.764453125,27.484375
520.870703125,27.484375
519.976953125,27.484375
519.083203125,27.484375
518.189453125,27.484375
517.295703125,27.484375
516.401953125,27.484375
515.508203125,27.484375
514.614453125,27.484375
513.720703125,27.484375
513.720703125,27.484375
510.292578125,24.7359375
506.864453125,21.9875
503.436328125,19.2390625
500.008203125,16.490625
496.580078125,13.7421875
493.151953125,10.99375
489.723828125,8.2453125
486.295703125,5.496875
482.867578125,2.7484375
479.439453125,0
531.642578125,31.203125
531.642578125,31.203125
531.642578125,28.0828125
531.642578125,24.9625
531.642578125,21.8421875
531.642578125,18.721875
531.642578125,15.6015625
531.642578125,12.48125
531.642578125,9.3609375
531.642578125,6.240625
531.642578125,3.1203125
531.642578125,0
531.642578125,0
530.744140625,0
529.845703125,0
528.947265625,0
528.048828125,0
527.150390625,0
526.251953125,0
525.353515625,0
524.455078125,0
523.556640625,0
522.658203125,0
522.658203125,0
522.658203125,0.8296875
522.658203125,1.659375
522.658203125,2.4890625
522.658203125,3.31875
522.658203125,4.1484375
522.658203125,4.978125
522.658203125,5.8078125
522.658203125,6.6375
522.658203125,7.4671875
522.658203125,8.296875
522.658203125,8.296875
522.350390625,7.8
522.042578125,7.303125
521.734765625,6.80625
521.426953125,6.309375
521.119140625,5.8125
520.811328125,5.315625
520.503515625,4.81875
520.195703125,4.321875
519.887890625,3.825
519.580078125,3.328125
514.986328125,0.953125
510.392578125,-1.421875
503.751953125,-1.421875
495.361328125,-1.421875
490.392578125,3.296875
485.439453125,8.015625
485.439453125,15.921875
485.439453125,25.140625
491.611328125,29.828125
497.798828125,34.515625
510.048828125,34.515625
522.658203125,34.515625
522.658203125,34.515625
522.658203125,34.6046875
522.658203125,34.69375
522.658203125,34.7828125
522.658203125,34.871875
522.658203125,34.9609375
522.658203125,35.05
522.658203125,35.1390625
522.658203125,35.228125
522.658203125,35.3171875
522.658203125,35.40625
522.658203125,35.40625
522.658203125,36.0265625
522.658203125,36.646875
522.658203125,37.2671875
522.658203125,37.8875
522.658203125,38.5078125
522.658203125,39.128125
522.658203125,39.7484375
522.658203125,40.36875
522.658203125,40.9890625
522.658203125,41.609375
518.580078125,45
514.501953125,48.390625
507.126953125,48.390625
502.439453125,48.390625
497.986328125,47.265625
493.548828125,46.140625
489.455078125,43.890625
489.455078125,52.203125
489.455078125,52.203125
489.947265625,52.39375
490.439453125,52.584375
490.931640625,52.775
491.423828125,52.965625
491.916015625,53.15625
492.408203125,53.346875
492.900390625,53.5375
493.392578125,53.728125
493.884765625,53.91875
494.376953125,54.109375
499.017578125,55.046875
503.658203125,56
508.048828125,56
519.923828125,56
525.783203125,49.84375
531.642578125,43.703125
531.642578125,31.203125
479.439453125,0
574.90625,63.1875
574.90625,63.1875
573.5671875,59.559375
572.228125,55.93125
570.8890625,52.303125
569.55,48.675
568.2109375,45.046875
566.871875,41.41875
565.5328125,37.790625
564.19375,34.1625
562.8546875,30.534375
561.515625,26.90625
561.515625,26.90625
564.196875,26.90625
566.878125,26.90625
569.559375,26.90625
572.240625,26.90625
574.921875,26.90625
577.603125,26.90625
580.284375,26.90625
582.965625,26.90625
585.646875,26.90625
588.328125,26.90625
588.328125,26.90625
586.9859375,30.534375
585.64375,34.1625
584.3015625,37.790625
582.959375,41.41875
581.6171875,45.046875
580.275,48.675
578.9328125,52.303125
577.590625,55.93125
576.2484375,59.559375
574.90625,63.1875
574.90625,63.1875
571.4875,56.86875
568.06875,50.55
564.65,44.23125
561.23125,37.9125
557.8125,31.59375
554.39375,25.275
550.975,18.95625
547.55625,12.6375
544.1375,6.31875
540.71875,0
569.328125,72.90625
569.328125,72.90625
570.446875,72.90625
571.565625,72.90625
572.684375,72.90625
573.803125,72.90625
574.921875,72.90625
576.040625,72.90625
577.159375,72.90625
578.278125,72.90625
579.396875,72.90625
580.515625,72.90625
580.515625,72.90625
583.29375,65.615625
586.071875,58.325
588.85,51.034375
591.628125,43.74375
594.40625,36.453125
597.184375,29.1625
599.9625,21.871875
602.740625,14.58125
605.51875,7.29062499999999
608.296875,0
608.296875,0
607.271875,0
606.246875,0
605.221875,0
604.196875,0
603.171875,0
602.146875,0
601.121875,0
600.096875,0
599.071875,0
598.046875,0
598.046875,0
597.3828125,1.8703125
596.71875,3.740625
596.0546875,5.6109375
595.390625,7.48125
594.7265625,9.3515625
594.0625,11.221875
593.3984375,13.0921875
592.734375,14.9625
592.0703125,16.8328125
591.40625,18.703125
591.40625,18.703125
588.1203125,18.703125
584.834375,18.703125
581.5484375,18.703125
578.2625,18.703125
574.9765625,18.703125
571.690625,18.703125
568.4046875,18.703125
565.11875,18.703125
561.8328125,18.703125
558.546875,18.703125
558.546875,18.703125
557.8828125,16.8328125
557.21875,14.9625
556.5546875,13.0921875
555.890625,11.221875
555.2265625,9.3515625
554.5625,7.48125
553.8984375,5.6109375
553.234375,3.740625
552.5703125,1.8703125
551.90625,0
551.90625,0
550.865625,0
549.825,0
548.784375,0
547.74375,0
546.703125,0
545.6625,0
544.621875,0
543.58125,0
542.540625,0
541.5,0
541.5,0
544.2828125,7.290625
547.065625,14.58125
549.8484375,21.871875
552.63125,29.1625
555.4140625,36.453125
558.196875,43.74375
560.9796875,51.034375
563.7625,58.325
566.5453125,65.615625
569.328125,72.90625
569.328125,72.90625
566.4671875,65.615625
563.60625,58.325
560.7453125,51.034375
557.884375,43.74375
555.0234375,36.453125
552.1625,29.1625
549.3015625,21.871875
546.440625,14.58125
543.5796875,7.29062499999999
540.71875,0
664.017578125,33.015625
664.017578125,33.015625
664.017578125,29.7140625
664.017578125,26.4125
664.017578125,23.1109375
664.017578125,19.809375
664.017578125,16.5078125
664.017578125,13.20625
664.017578125,9.9046875
664.017578125,6.603125
664.017578125,3.3015625
664.017578125,0
664.017578125,0
663.119140625,0
662.220703125,0
661.322265625,0
660.423828125,0
659.525390625,0
658.626953125,0
657.728515625,0
656.830078125,0
655.931640625,0
655.033203125,0
655.033203125,0
655.033203125,3.271875
655.033203125,6.54375
655.033203125,9.815625
655.033203125,13.0875
655.033203125,16.359375
655.033203125,19.63125
655.033203125,22.903125
655.033203125,26.175
655.033203125,29.446875
655.033203125,32.71875
655.033203125,32.71875
655.033203125,33.4953125
655.033203125,34.271875
655.033203125,35.0484375
655.033203125,35.825
655.033203125,36.6015625
655.033203125,37.378125
655.033203125,38.1546875
655.033203125,38.93125
655.033203125,39.7078125
655.033203125,40.484375
652.001953125,44.328125
648.970703125,48.1875
642.923828125,48.1875
635.642578125,48.1875
631.439453125,43.546875
627.236328125,38.921875
627.236328125,30.90625
627.236328125,0
627.236328125,0
626.333203125,0
625.430078125,0
624.526953125,0
623.623828125,0
622.720703125,0
621.817578125,0
620.914453125,0
620.011328125,0
619.108203125,0
618.205078125,0
618.205078125,0
618.205078125,5.46875
618.205078125,10.9375
618.205078125,16.40625
618.205078125,21.875
618.205078125,27.34375
618.205078125,32.8125
618.205078125,38.28125
618.205078125,43.75
618.205078125,49.21875
618.205078125,54.6875
618.205078125,54.6875
619.108203125,54.6875
620.011328125,54.6875
620.914453125,54.6875
621.817578125,54.6875
622.720703125,54.6875
623.623828125,54.6875
624.526953125,54.6875
625.430078125,54.6875
626.333203125,54.6875
627.236328125,54.6875
627.236328125,54.6875
627.236328125,53.8375
627.236328125,52.9875
627.236328125,52.1375
627.236328125,51.2875
627.236328125,50.4375
627.236328125,49.5875
627.236328125,48.7375
627.236328125,47.8875
627.236328125,47.0375
627.236328125,46.1875
627.236328125,46.1875
627.559765625,46.68125
627.883203125,47.175
628.206640625,47.66875
628.530078125,48.1625
628.853515625,48.65625
629.176953125,49.15
629.500390625,49.64375
629.823828125,50.1375
630.147265625,50.63125
630.470703125,51.125
634.830078125,53.5625
639.205078125,56
644.923828125,56
654.345703125,56
659.173828125,50.171875
664.017578125,44.34375
664.017578125,33.015625
609.126953125,0
706.787109375,27.484375
706.787109375,27.484375
705.698046875,27.484375
704.608984375,27.484375
703.519921875,27.484375
702.430859375,27.484375
701.341796875,27.484375
700.252734375,27.484375
699.163671875,27.484375
698.074609375,27.484375
696.985546875,27.484375
695.896484375,27.484375
691.693359375,25
687.490234375,22.515625
687.490234375,16.5
687.490234375,11.71875
690.646484375,8.90625
693.802734375,6.109375
699.208984375,6.109375
706.693359375,6.109375
711.208984375,11.40625
715.724609375,16.703125
715.724609375,25.484375
715.724609375,27.484375
715.724609375,27.484375
714.830859375,27.484375
713.937109375,27.484375
713.043359375,27.484375
712.149609375,27.484375
711.255859375,27.484375
710.362109375,27.484375
709.468359375,27.484375
708.574609375,27.484375
707.680859375,27.484375
706.787109375,27.484375
706.787109375,27.484375
703.358984375,24.7359375
699.930859375,21.9875
696.502734375,19.2390625
693.074609375,16.490625
689.646484375,13.7421875
686.218359375,10.99375
682.790234375,8.2453125
679.362109375,5.496875
675.933984375,2.7484375
672.505859375,0
724.708984375,31.203125
724.708984375,31.203125
724.708984375,28.0828125
724.708984375,24.9625
724.708984375,21.8421875
724.708984375,18.721875
724.708984375,15.6015625
724.708984375,12.48125
724.708984375,9.3609375
724.708984375,6.240625
724.708984375,3.1203125
724.708984375,0
724.708984375,0
723.810546875,0
722.912109375,0
722.013671875,0
721.115234375,0
720.216796875,0
719.318359375,0
718.419921875,0
717.521484375,0
716.623046875,0
715.724609375,0
715.724609375,0
715.724609375,0.8296875
715.724609375,1.659375
715.724609375,2.4890625
715.724609375,3.31875
715.724609375,4.1484375
715.724609375,4.978125
715.724609375,5.8078125
715.724609375,6.6375
715.724609375,7.4671875
715.724609375,8.296875
715.724609375,8.296875
715.416796875,7.8
715.108984375,7.303125
714.801171875,6.80625
714.493359375,6.309375
714.185546875,5.8125
713.877734375,5.315625
713.569921875,4.81875
713.262109375,4.321875
712.954296875,3.825
712.646484375,3.328125
708.052734375,0.953125
703.458984375,-1.421875
696.818359375,-1.421875
688.427734375,-1.421875
683.458984375,3.296875
678.505859375,8.015625
678.505859375,15.921875
678.505859375,25.140625
684.677734375,29.828125
690.865234375,34.515625
703.115234375,34.515625
715.724609375,34.515625
715.724609375,34.515625
715.724609375,34.6046875
715.724609375,34.69375
715.724609375,34.7828125
715.724609375,34.871875
715.724609375,34.9609375
715.724609375,35.05
715.724609375,35.1390625
715.724609375,35.228125
715.724609375,35.3171875
715.724609375,35.40625
715.724609375,35.40625
715.724609375,36.0265625
715.724609375,36.646875
715.724609375,37.2671875
715.724609375,37.8875
715.724609375,38.5078125
715.724609375,39.128125
715.724609375,39.7484375
715.724609375,40.36875
715.724609375,40.9890625
715.724609375,41.609375
711.646484375,45
707.568359375,48.390625
700.193359375,48.390625
695.505859375,48.390625
691.052734375,47.265625
686.615234375,46.140625
682.521484375,43.890625
682.521484375,52.203125
682.521484375,52.203125
683.013671875,52.39375
683.505859375,52.584375
683.998046875,52.775
684.490234375,52.965625
684.982421875,53.15625
685.474609375,53.346875
685.966796875,53.5375
686.458984375,53.728125
686.951171875,53.91875
687.443359375,54.109375
692.083984375,55.046875
696.724609375,56
701.115234375,56
712.990234375,56
718.849609375,49.84375
724.708984375,43.703125
724.708984375,31.203125
672.505859375,0
743.20703125,75.984375
743.20703125,75.984375
744.10546875,75.984375
745.00390625,75.984375
745.90234375,75.984375
746.80078125,75.984375
747.69921875,75.984375
748.59765625,75.984375
749.49609375,75.984375
750.39453125,75.984375
751.29296875,75.984375
752.19140625,75.984375
752.19140625,75.984375
752.19140625,68.3859375
752.19140625,60.7875
752.19140625,53.1890625
752.19140625,45.590625
752.19140625,37.9921875
752.19140625,30.39375
752.19140625,22.7953125
752.19140625,15.196875
752.19140625,7.5984375
752.19140625,0
752.19140625,0
751.29296875,0
750.39453125,0
749.49609375,0
748.59765625,0
747.69921875,0
746.80078125,0
745.90234375,0
745.00390625,0
744.10546875,0
743.20703125,0
743.20703125,0
743.20703125,7.5984375
743.20703125,15.196875
743.20703125,22.7953125
743.20703125,30.39375
743.20703125,37.9921875
743.20703125,45.590625
743.20703125,53.1890625
743.20703125,60.7875
743.20703125,68.3859375
743.20703125,75.984375
743.20703125,75.984375
742.26484375,68.3859375
741.32265625,60.7875
740.38046875,53.1890625
739.43828125,45.590625
738.49609375,37.9921875
737.55390625,30.39375
736.61171875,22.7953125
735.66953125,15.196875
734.72734375,7.5984375
733.78515625,0
793.740234375,-5.078125
793.740234375,-5.078125
793.360546875,-6.0546875
792.980859375,-7.03125
792.601171875,-8.0078125
792.221484375,-8.984375
791.841796875,-9.9609375
791.462109375,-10.9375
791.082421875,-11.9140625
790.702734375,-12.890625
790.323046875,-13.8671875
789.943359375,-14.84375
786.318359375,-17.8125
782.708984375,-20.796875
776.662109375,-20.796875
769.474609375,-20.796875
769.474609375,-20.796875
769.474609375,-20.0453125
769.474609375,-19.29375
769.474609375,-18.5421875
769.474609375,-17.790625
769.474609375,-17.0390625
769.474609375,-16.2875
769.474609375,-15.5359375
769.474609375,-14.784375
769.474609375,-14.0328125
769.474609375,-13.28125
769.474609375,-13.28125
770.002734375,-13.28125
770.530859375,-13.28125
771.058984375,-13.28125
771.587109375,-13.28125
772.115234375,-13.28125
772.643359375,-13.28125
773.171484375,-13.28125
773.699609375,-13.28125
774.227734375,-13.28125
774.755859375,-13.28125
774.755859375,-13.28125
775.126171875,-13.28125
775.496484375,-13.28125
775.866796875,-13.28125
776.237109375,-13.28125
776.607421875,-13.28125
776.977734375,-13.28125
777.348046875,-13.28125
777.718359375,-13.28125
778.088671875,-13.28125
778.458984375,-13.28125
780.505859375,-11.515625
782.568359375,-9.765625
785.052734375,-3.21875
786.662109375,0.875
786.662109375,0.875
784.451171875,6.25625
782.240234375,11.6375
780.029296875,17.01875
777.818359375,22.4
775.607421875,27.78125
773.396484375,33.1625
771.185546875,38.54375
768.974609375,43.925
766.763671875,49.30625
764.552734375,54.6875
764.552734375,54.6875
765.504296875,54.6875
766.455859375,54.6875
767.407421875,54.6875
768.358984375,54.6875
769.310546875,54.6875
770.262109375,54.6875
771.213671875,54.6875
772.165234375,54.6875
773.116796875,54.6875
774.068359375,54.6875
774.068359375,54.6875
775.777734375,50.4109375
777.487109375,46.134375
779.196484375,41.8578125
780.905859375,37.58125
782.615234375,33.3046875
784.324609375,29.028125
786.033984375,24.7515625
787.743359375,20.475
789.452734375,16.1984375
791.162109375,11.921875
791.162109375,11.921875
792.871484375,16.1984375
794.580859375,20.475
796.290234375,24.7515625
797.999609375,29.028125
799.708984375,33.3046875
801.418359375,37.58125
803.127734375,41.8578125
804.837109375,46.134375
806.546484375,50.4109375
808.255859375,54.6875
808.255859375,54.6875
809.207421875,54.6875
810.158984375,54.6875
811.110546875,54.6875
812.062109375,54.6875
813.013671875,54.6875
813.965234375,54.6875
814.916796875,54.6875
815.868359375,54.6875
816.819921875,54.6875
817.771484375,54.6875
817.771484375,54.6875
815.368359375,48.7109375
812.965234375,42.734375
810.562109375,36.7578125
808.158984375,30.78125
805.755859375,24.8046875
803.352734375,18.828125
800.949609375,12.8515625
798.546484375,6.875
796.143359375,0.8984375
793.740234375,-5.078125
793.740234375,-5.078125
790.523046875,-4.5703125
787.305859375,-4.0625
784.088671875,-3.5546875
780.871484375,-3.046875
777.654296875,-2.5390625
774.437109375,-2.03125
771.219921875,-1.5234375
768.002734375,-1.015625
764.785546875,-0.5078125
761.568359375,0
865.029296875,53.078125
865.029296875,53.078125
865.029296875,52.228125
865.029296875,51.378125
865.029296875,50.528125
865.029296875,49.678125
865.029296875,48.828125
865.029296875,47.978125
865.029296875,47.128125
865.029296875,46.278125
865.029296875,45.428125
865.029296875,44.578125
865.029296875,44.578125
864.649609375,44.7734375
864.269921875,44.96875
863.890234375,45.1640625
863.510546875,45.359375
863.130859375,45.5546875
862.751171875,45.75
862.371484375,45.9453125
861.991796875,46.140625
861.612109375,46.3359375
861.232421875,46.53125
857.123046875,47.5
853.029296875,48.484375
848.623046875,48.484375
841.935546875,48.484375
838.591796875,46.4375
835.248046875,44.390625
835.248046875,40.28125
835.248046875,37.15625
837.638671875,35.375
840.029296875,33.59375
847.263671875,31.984375
850.341796875,31.296875
850.341796875,31.296875
851.298046875,31.0921875
852.254296875,30.8875
853.210546875,30.6828125
854.166796875,30.478125
855.123046875,30.2734375
856.079296875,30.06875
857.035546875,29.8640625
857.991796875,29.659375
858.948046875,29.4546875
859.904296875,29.25
863.935546875,25.515625
867.966796875,21.78125
867.966796875,15.09375
867.966796875,7.46875
861.935546875,3.015625
855.904296875,-1.421875
845.357421875,-1.421875
840.966796875,-1.421875
836.201171875,-0.5625
831.435546875,0.296875
826.169921875,2
826.169921875,11.28125
826.169921875,11.28125
826.668359375,11.021875
827.166796875,10.7625
827.665234375,10.503125
828.163671875,10.24375
828.662109375,9.984375
829.160546875,9.725
829.658984375,9.465625
830.157421875,9.20625
830.655859375,8.946875
831.154296875,8.6875
835.982421875,7.390625
840.810546875,6.109375
845.560546875,6.109375
851.904296875,6.109375
855.310546875,8.28125
858.732421875,10.453125
858.732421875,14.40625
858.732421875,18.0625
856.263671875,20.015625
853.810546875,21.96875
845.451171875,23.78125
842.326171875,24.515625
842.326171875,24.515625
841.491796875,24.690625
840.657421875,24.865625
839.823046875,25.040625
838.988671875,25.215625
838.154296875,25.390625
837.319921875,25.565625
836.485546875,25.740625
835.651171875,25.915625
834.816796875,26.090625
833.982421875,26.265625
830.263671875,29.90625
826.560546875,33.546875
826.560546875,39.890625
826.560546875,47.609375
832.029296875,51.796875
837.498046875,56
847.560546875,56
852.529296875,56
856.919921875,55.265625
861.326171875,54.546875
865.029296875,53.078125
820.748046875,0
891.16015625,70.21875
891.16015625,70.21875
891.16015625,68.665625
891.16015625,67.1125
891.16015625,65.559375
891.16015625,64.00625
891.16015625,62.453125
891.16015625,60.9
891.16015625,59.346875
891.16015625,57.79375
891.16015625,56.240625
891.16015625,54.6875
891.16015625,54.6875
893.01015625,54.6875
894.86015625,54.6875
896.71015625,54.6875
898.56015625,54.6875
900.41015625,54.6875
902.26015625,54.6875
904.11015625,54.6875
905.96015625,54.6875
907.81015625,54.6875
909.66015625,54.6875
909.66015625,54.6875
909.66015625,53.9890625
909.66015625,53.290625
909.66015625,52.5921875
909.66015625,51.89375
909.66015625,51.1953125
909.66015625,50.496875
909.66015625,49.7984375
909.66015625,49.1
909.66015625,48.4015625
909.66015625,47.703125
909.66015625,47.703125
907.81015625,47.703125
905.96015625,47.703125
904.11015625,47.703125
902.26015625,47.703125
900.41015625,47.703125
898.56015625,47.703125
896.71015625,47.703125
894.86015625,47.703125
893.01015625,47.703125
891.16015625,47.703125
891.16015625,47.703125
891.16015625,44.734375
891.16015625,41.765625
891.16015625,38.796875
891.16015625,35.828125
891.16015625,32.859375
891.16015625,29.890625
891.16015625,26.921875
891.16015625,23.953125
891.16015625,20.984375
891.16015625,18.015625
891.16015625,18.015625
891.16015625,17.346875
891.16015625,16.678125
891.16015625,16.009375
891.16015625,15.340625
891.16015625,14.671875
891.16015625,14.003125
891.16015625,13.334375
891.16015625,12.665625
891.16015625,11.996875
891.16015625,11.328125
892.98828125,9.421875
894.81640625,7.515625
900.44140625,7.515625
909.66015625,7.515625
909.66015625,7.515625
909.66015625,6.7640625
909.66015625,6.0125
909.66015625,5.2609375
909.66015625,4.509375
909.66015625,3.7578125
909.66015625,3.00625
909.66015625,2.2546875
909.66015625,1.503125
909.66015625,0.7515625
909.66015625,0
909.66015625,0
908.73828125,0
907.81640625,0
906.89453125,0
905.97265625,0
905.05078125,0
904.12890625,0
903.20703125,0
902.28515625,0
901.36328125,0
900.44140625,0
900.44140625,0
899.40078125,0
898.36015625,0
897.31953125,0
896.27890625,0
895.23828125,0
894.19765625,0
893.15703125,0
892.11640625,0
891.07578125,0
890.03515625,0
886.08203125,3.875
882.12890625,7.765625
882.12890625,18.015625
882.12890625,47.703125
882.12890625,47.703125
881.46953125,47.703125
880.81015625,47.703125
880.15078125,47.703125
879.49140625,47.703125
878.83203125,47.703125
878.17265625,47.703125
877.51328125,47.703125
876.85390625,47.703125
876.19453125,47.703125
875.53515625,47.703125
875.53515625,47.703125
875.53515625,48.4015625
875.53515625,49.1
875.53515625,49.7984375
875.53515625,50.496875
875.53515625,51.1953125
875.53515625,51.89375
875.53515625,52.5921875
875.53515625,53.290625
875.53515625,53.9890625
875.53515625,54.6875
875.53515625,54.6875
876.19453125,54.6875
876.85390625,54.6875
877.51328125,54.6875
878.17265625,54.6875
878.83203125,54.6875
879.49140625,54.6875
880.15078125,54.6875
880.81015625,54.6875
881.46953125,54.6875
882.12890625,54.6875
882.12890625,54.6875
882.12890625,56.240625
882.12890625,57.79375
882.12890625,59.346875
882.12890625,60.9
882.12890625,62.453125
882.12890625,64.00625
882.12890625,65.559375
882.12890625,67.1125
882.12890625,68.665625
882.12890625,70.21875
882.12890625,70.21875
883.03203125,70.21875
883.93515625,70.21875
884.83828125,70.21875
885.74140625,70.21875
886.64453125,70.21875
887.54765625,70.21875
888.45078125,70.21875
889.35390625,70.21875
890.25703125,70.21875
891.16015625,70.21875
891.16015625,70.21875
889.32890625,63.196875
887.49765625,56.175
885.66640625,49.153125
883.83515625,42.13125
882.00390625,35.109375
880.17265625,28.0875
878.34140625,21.065625
876.51015625,14.04375
874.67890625,7.021875
872.84765625,0
921.869140625,72.90625
921.869140625,72.90625
926.478515625,72.90625
931.087890625,72.90625
935.697265625,72.90625
940.306640625,72.90625
944.916015625,72.90625
949.525390625,72.90625
954.134765625,72.90625
958.744140625,72.90625
963.353515625,72.90625
967.962890625,72.90625
967.962890625,72.90625
967.962890625,72.075
967.962890625,71.24375
967.962890625,70.4125
967.962890625,69.58125
967.962890625,68.75
967.962890625,67.91875
967.962890625,67.0875
967.962890625,66.25625
967.962890625,65.425
967.962890625,64.59375
967.962890625,64.59375
964.339453125,64.59375
960.716015625,64.59375
957.092578125,64.59375
953.469140625,64.59375
949.845703125,64.59375
946.222265625,64.59375
942.598828125,64.59375
938.975390625,64.59375
935.351953125,64.59375
931.728515625,64.59375
931.728515625,64.59375
931.728515625,62.4359375
931.728515625,60.278125
931.728515625,58.1203125
931.728515625,55.9625
931.728515625,53.8046875
931.728515625,51.646875
931.728515625,49.4890625
931.728515625,47.33125
931.728515625,45.1734375
931.728515625,43.015625
931.728515625,43.015625
935.200390625,43.015625
938.672265625,43.015625
942.144140625,43.015625
945.616015625,43.015625
949.087890625,43.015625
952.559765625,43.015625
956.031640625,43.015625
959.503515625,43.015625
962.975390625,43.015625
966.447265625,43.015625
966.447265625,43.015625
966.447265625,42.1859375
966.447265625,41.35625
966.447265625,40.5265625
966.447265625,39.696875
966.447265625,38.8671875
966.447265625,38.0375
966.447265625,37.2078125
966.447265625,36.378125
966.447265625,35.5484375
966.447265625,34.71875
966.447265625,34.71875
962.975390625,34.71875
959.503515625,34.71875
956.031640625,34.71875
952.559765625,34.71875
949.087890625,34.71875
945.616015625,34.71875
942.144140625,34.71875
938.672265625,34.71875
935.200390625,34.71875
931.728515625,34.71875
931.728515625,34.71875
931.728515625,32.0765625
931.728515625,29.434375
931.728515625,26.7921875
931.728515625,24.15
931.728515625,21.5078125
931.728515625,18.865625
931.728515625,16.2234375
931.728515625,13.58125
931.728515625,10.9390625
931.728515625,8.296875
931.728515625,8.296875
935.439453125,8.296875
939.150390625,8.296875
942.861328125,8.296875
946.572265625,8.296875
950.283203125,8.296875
953.994140625,8.296875
957.705078125,8.296875
961.416015625,8.296875
965.126953125,8.296875
968.837890625,8.296875
968.837890625,8.296875
968.837890625,7.4671875
968.837890625,6.6375
968.837890625,5.8078125
968.837890625,4.978125
968.837890625,4.1484375
968.837890625,3.31875
968.837890625,2.4890625
968.837890625,1.659375
968.837890625,0.8296875
968.837890625,0
968.837890625,0
964.141015625,0
959.444140625,0
954.747265625,0
950.050390625,0
945.353515625,0
940.656640625,0
935.959765625,0
931.262890625,0
926.566015625,0
921.869140625,0
921.869140625,0
921.869140625,7.290625
921.869140625,14.58125
921.869140625,21.871875
921.869140625,29.1625
921.869140625,36.453125
921.869140625,43.74375
921.869140625,51.034375
921.869140625,58.325
921.869140625,65.615625
921.869140625,72.90625
921.869140625,72.90625
920.887890625,65.615625
919.906640625,58.325
918.925390625,51.034375
917.944140625,43.74375
916.962890625,36.453125
915.981640625,29.1625
915.000390625,21.871875
914.019140625,14.58125
913.037890625,7.29062499999999
912.056640625,0
1030.130859375,54.6875
1030.130859375,54.6875
1028.152734375,52.0265625
1026.174609375,49.365625
1024.196484375,46.7046875
1022.218359375,44.04375
1020.240234375,41.3828125
1018.262109375,38.721875
1016.283984375,36.0609375
1014.305859375,33.4
1012.327734375,30.7390625
1010.349609375,28.078125
1010.349609375,28.078125
1012.429296875,25.2703125
1014.508984375,22.4625
1016.588671875,19.6546875
1018.668359375,16.846875
1020.748046875,14.0390625
1022.827734375,11.23125
1024.907421875,8.4234375
1026.987109375,5.615625
1029.066796875,2.8078125
1031.146484375,0
1031.146484375,0
1030.087109375,0
1029.027734375,0
1027.968359375,0
1026.908984375,0
1025.849609375,0
1024.790234375,0
1023.730859375,0
1022.671484375,0
1021.612109375,0
1020.552734375,0
1020.552734375,0
1018.960546875,2.1484375
1017.368359375,4.296875
1015.776171875,6.4453125
1014.183984375,8.59375
1012.591796875,10.7421875
1010.999609375,12.890625
1009.407421875,15.0390625
1007.815234375,17.1875
1006.223046875,19.3359375
1004.630859375,21.484375
1004.630859375,21.484375
1003.040234375,19.3359375
1001.449609375,17.1875
999.858984375,15.0390625
998.268359375,12.890625
996.677734375,10.7421875
995.087109375,8.59375
993.496484375,6.4453125
991.905859375,4.296875
990.315234375,2.1484375
988.724609375,0
988.724609375,0
987.663671875,0
986.602734375,0
985.541796875,0
984.480859375,0
983.419921875,0
982.358984375,0
981.298046875,0
980.237109375,0
979.176171875,0
978.115234375,0
978.115234375,0
980.240234375,2.8609375
982.365234375,5.721875
984.490234375,8.5828125
986.615234375,11.44375
988.740234375,14.3046875
990.865234375,17.165625
992.990234375,20.0265625
995.115234375,22.8875
997.240234375,25.7484375
999.365234375,28.609375
999.365234375,28.609375
997.421484375,31.2171875
995.477734375,33.825
993.533984375,36.4328125
991.590234375,39.040625
989.646484375,41.6484375
987.702734375,44.25625
985.758984375,46.8640625
983.815234375,49.471875
981.871484375,52.0796875
979.927734375,54.6875
979.927734375,54.6875
980.987109375,54.6875
982.046484375,54.6875
983.105859375,54.6875
984.165234375,54.6875
985.224609375,54.6875
986.283984375,54.6875
987.343359375,54.6875
988.402734375,54.6875
989.462109375,54.6875
990.521484375,54.6875
990.521484375,54.6875
991.971484375,52.7390625
993.421484375,50.790625
994.871484375,48.8421875
996.321484375,46.89375
997.771484375,44.9453125
999.221484375,42.996875
1000.671484375,41.0484375
1002.121484375,39.1
1003.571484375,37.1515625
1005.021484375,35.203125
1005.021484375,35.203125
1006.471484375,37.1515625
1007.921484375,39.1
1009.371484375,41.0484375
1010.821484375,42.996875
1012.271484375,44.9453125
1013.721484375,46.89375
1015.171484375,48.8421875
1016.621484375,50.790625
1018.071484375,52.7390625
1019.521484375,54.6875
1019.521484375,54.6875
1020.582421875,54.6875
1021.643359375,54.6875
1022.704296875,54.6875
1023.765234375,54.6875
1024.826171875,54.6875
1025.887109375,54.6875
1026.948046875,54.6875
1028.008984375,54.6875
1029.069921875,54.6875
1030.130859375,54.6875
1030.130859375,54.6875
1024.641796875,49.21875
1019.152734375,43.75
1013.663671875,38.28125
1008.174609375,32.8125
1002.685546875,27.34375
997.196484375,21.875
991.707421875,16.40625
986.218359375,10.9375
980.729296875,5.46875
975.240234375,0
1052.529296875,8.203125
1052.529296875,8.203125
1052.529296875,5.303125
1052.529296875,2.403125
1052.529296875,-0.496874999999999
1052.529296875,-3.396875
1052.529296875,-6.296875
1052.529296875,-9.196875
1052.529296875,-12.096875
1052.529296875,-14.996875
1052.529296875,-17.896875
1052.529296875,-20.796875
1052.529296875,-20.796875
1051.626171875,-20.796875
1050.723046875,-20.796875
1049.819921875,-20.796875
1048.916796875,-20.796875
1048.013671875,-20.796875
1047.110546875,-20.796875
1046.207421875,-20.796875
1045.304296875,-20.796875
1044.401171875,-20.796875
1043.498046875,-20.796875
1043.498046875,-20.796875
1043.498046875,-13.2484375
1043.498046875,-5.7
1043.498046875,1.8484375
1043.498046875,9.396875
1043.498046875,16.9453125
1043.498046875,24.49375
1043.498046875,32.0421875
1043.498046875,39.590625
1043.498046875,47.1390625
1043.498046875,54.6875
1043.498046875,54.6875
1044.401171875,54.6875
1045.304296875,54.6875
1046.207421875,54.6875
1047.110546875,54.6875
1048.013671875,54.6875
1048.916796875,54.6875
1049.819921875,54.6875
1050.723046875,54.6875
1051.626171875,54.6875
1052.529296875,54.6875
1052.529296875,54.6875
1052.529296875,53.8578125
1052.529296875,53.028125
1052.529296875,52.1984375
1052.529296875,51.36875
1052.529296875,50.5390625
1052.529296875,49.709375
1052.529296875,48.8796875
1052.529296875,48.05
1052.529296875,47.2203125
1052.529296875,46.390625
1052.529296875,46.390625
1052.813671875,46.878125
1053.098046875,47.365625
1053.382421875,47.853125
1053.666796875,48.340625
1053.951171875,48.828125
1054.235546875,49.315625
1054.519921875,49.803125
1054.804296875,50.290625
1055.088671875,50.778125
1055.373046875,51.265625
1059.685546875,53.625
1064.013671875,56
1070.013671875,56
1079.982421875,56
1086.201171875,48.09375
1092.435546875,40.1875
1092.435546875,27.296875
1092.435546875,14.40625
1086.201171875,6.484375
1079.982421875,-1.421875
1070.013671875,-1.421875
1064.013671875,-1.421875
1059.685546875,0.953125
1055.373046875,3.328125
1052.529296875,8.203125
1034.419921875,0
1083.107421875,27.296875
1083.107421875,27.296875
1083.107421875,28.2875
1083.107421875,29.278125
1083.107421875,30.26875
1083.107421875,31.259375
1083.107421875,32.25
1083.107421875,33.240625
1083.107421875,34.23125
1083.107421875,35.221875
1083.107421875,36.2125
1083.107421875,37.203125
1079.029296875,42.84375
1074.951171875,48.484375
1067.826171875,48.484375
1060.685546875,48.484375
1056.607421875,42.84375
1052.529296875,37.203125
1052.529296875,27.296875
1052.529296875,17.390625
1056.607421875,11.75
1060.685546875,6.109375
1067.826171875,6.109375
1074.951171875,6.109375
1079.029296875,11.75
1083.107421875,17.390625
1083.107421875,27.296875
1034.419921875,0
1154.099609375,29.59375
1154.099609375,29.59375
1154.099609375,29.1546875
1154.099609375,28.715625
1154.099609375,28.2765625
1154.099609375,27.8375
1154.099609375,27.3984375
1154.099609375,26.959375
1154.099609375,26.5203125
1154.099609375,26.08125
1154.099609375,25.6421875
1154.099609375,25.203125
1154.099609375,25.203125
1149.968359375,25.203125
1145.837109375,25.203125
1141.705859375,25.203125
1137.574609375,25.203125
1133.443359375,25.203125
1129.312109375,25.203125
1125.180859375,25.203125
1121.049609375,25.203125
1116.918359375,25.203125
1112.787109375,25.203125
1112.787109375,25.203125
1112.846484375,24.275
1112.905859375,23.346875
1112.965234375,22.41875
1113.024609375,21.490625
1113.083984375,20.5625
1113.143359375,19.634375
1113.202734375,18.70625
1113.262109375,17.778125
1113.321484375,16.85
1113.380859375,15.921875
1118.380859375,11.0625
1123.380859375,6.203125
1132.318359375,6.203125
1137.490234375,6.203125
1142.349609375,7.46875
1147.208984375,8.734375
1152.005859375,11.28125
1152.005859375,2.78125
1152.005859375,2.78125
1151.521484375,2.5765625
1151.037109375,2.371875
1150.552734375,2.1671875
1150.068359375,1.9625
1149.583984375,1.7578125
1149.099609375,1.553125
1148.615234375,1.3484375
1148.130859375,1.14375
1147.646484375,0.9390625
1147.162109375,0.734375
1142.083984375,-0.34375
1137.005859375,-1.421875
1131.787109375,-1.421875
1118.693359375,-1.421875
1111.052734375,6.1875
1103.412109375,13.8125
1103.412109375,26.8125
1103.412109375,40.234375
1110.662109375,48.109375
1117.912109375,56
1130.224609375,56
1141.255859375,56
1147.677734375,48.890625
1154.099609375,41.796875
1154.099609375,29.59375
1097.896484375,0
1145.115234375,32.234375
1145.115234375,32.234375
1145.105859375,32.9703125
1145.096484375,33.70625
1145.087109375,34.4421875
1145.077734375,35.178125
1145.068359375,35.9140625
1145.058984375,36.65
1145.049609375,37.3859375
1145.040234375,38.121875
1145.030859375,38.8578125
1145.021484375,39.59375
1140.990234375,43.984375
1136.958984375,48.390625
1130.318359375,48.390625
1122.802734375,48.390625
1118.287109375,44.140625
1113.771484375,39.890625
1113.083984375,32.171875
1145.115234375,32.234375
1145.115234375,32.234375
1140.393359375,29.0109375
1135.671484375,25.7875
1130.949609375,22.5640625
1126.227734375,19.340625
1121.505859375,16.1171875
1116.783984375,12.89375
1112.062109375,9.6703125
1107.340234375,6.446875
1102.618359375,3.2234375
1097.896484375,0
1200.529296875,46.296875
1200.529296875,46.296875
1200.377734375,46.384375
1200.226171875,46.471875
1200.074609375,46.559375
1199.923046875,46.646875
1199.771484375,46.734375
1199.619921875,46.821875
1199.468359375,46.909375
1199.316796875,46.996875
1199.165234375,47.084375
1199.013671875,47.171875
1197.232421875,47.578125
1195.451171875,48
1193.310546875,48
1185.685546875,48
1181.607421875,43.046875
1177.529296875,38.09375
1177.529296875,28.8125
1177.529296875,0
1177.529296875,0
1176.626171875,0
1175.723046875,0
1174.819921875,0
1173.916796875,0
1173.013671875,0
1172.110546875,0
1171.207421875,0
1170.304296875,0
1169.401171875,0
1168.498046875,0
1168.498046875,0
1168.498046875,5.46875
1168.498046875,10.9375
1168.498046875,16.40625
1168.498046875,21.875
1168.498046875,27.34375
1168.498046875,32.8125
1168.498046875,38.28125
1168.498046875,43.75
1168.498046875,49.21875
1168.498046875,54.6875
1168.498046875,54.6875
1169.401171875,54.6875
1170.304296875,54.6875
1171.207421875,54.6875
1172.110546875,54.6875
1173.013671875,54.6875
1173.916796875,54.6875
1174.819921875,54.6875
1175.723046875,54.6875
1176.626171875,54.6875
1177.529296875,54.6875
1177.529296875,54.6875
1177.529296875,53.8375
1177.529296875,52.9875
1177.529296875,52.1375
1177.529296875,51.2875
1177.529296875,50.4375
1177.529296875,49.5875
1177.529296875,48.7375
1177.529296875,47.8875
1177.529296875,47.0375
1177.529296875,46.1875
1177.529296875,46.1875
1177.813671875,46.6859375
1178.098046875,47.184375
1178.382421875,47.6828125
1178.666796875,48.18125
1178.951171875,48.6796875
1179.235546875,49.178125
1179.519921875,49.6765625
1179.804296875,50.175
1180.088671875,50.6734375
1180.373046875,51.171875
1184.904296875,53.578125
1189.451171875,56
1195.951171875,56
1196.873046875,56
1197.998046875,55.875
1199.123046875,55.765625
1200.482421875,55.515625
1200.529296875,46.296875
1200.529296875,46.296875
1196.418359375,41.6671875
1192.307421875,37.0375
1188.196484375,32.4078125
1184.085546875,27.778125
1179.974609375,23.1484375
1175.863671875,18.51875
1171.752734375,13.8890625
1167.641796875,9.259375
1163.530859375,4.6296875
1159.419921875,0
1218.845703125,70.21875
1218.845703125,70.21875
1218.845703125,68.665625
1218.845703125,67.1125
1218.845703125,65.559375
1218.845703125,64.00625
1218.845703125,62.453125
1218.845703125,60.9
1218.845703125,59.346875
1218.845703125,57.79375
1218.845703125,56.240625
1218.845703125,54.6875
1218.845703125,54.6875
1220.695703125,54.6875
1222.545703125,54.6875
1224.395703125,54.6875
1226.245703125,54.6875
1228.095703125,54.6875
1229.945703125,54.6875
1231.795703125,54.6875
1233.645703125,54.6875
1235.495703125,54.6875
1237.345703125,54.6875
1237.345703125,54.6875
1237.345703125,53.9890625
1237.345703125,53.290625
1237.345703125,52.5921875
1237.345703125,51.89375
1237.345703125,51.1953125
1237.345703125,50.496875
1237.345703125,49.7984375
1237.345703125,49.1
1237.345703125,48.4015625
1237.345703125,47.703125
1237.345703125,47.703125
1235.495703125,47.703125
1233.645703125,47.703125
1231.795703125,47.703125
1229.945703125,47.703125
1228.095703125,47.703125
1226.245703125,47.703125
1224.395703125,47.703125
1222.545703125,47.703125
1220.695703125,47.703125
1218.845703125,47.703125
1218.845703125,47.703125
1218.845703125,44.734375
1218.845703125,41.765625
1218.845703125,38.796875
1218.845703125,35.828125
1218.845703125,32.859375
1218.845703125,29.890625
1218.845703125,26.921875
1218.845703125,23.953125
1218.845703125,20.984375
1218.845703125,18.015625
1218.845703125,18.015625
1218.845703125,17.346875
1218.845703125,16.678125
1218.845703125,16.009375
1218.845703125,15.340625
1218.845703125,14.671875
1218.845703125,14.003125
1218.845703125,13.334375
1218.845703125,12.665625
1218.845703125,11.996875
1218.845703125,11.328125
1220.673828125,9.421875
1222.501953125,7.515625
1228.126953125,7.515625
1237.345703125,7.515625
1237.345703125,7.515625
1237.345703125,6.7640625
1237.345703125,6.0125
1237.345703125,5.2609375
1237.345703125,4.509375
1237.345703125,3.7578125
1237.345703125,3.00625
1237.345703125,2.2546875
1237.345703125,1.503125
1237.345703125,0.7515625
1237.345703125,0
1237.345703125,0
1236.423828125,0
1235.501953125,0
1234.580078125,0
1233.658203125,0
1232.736328125,0
1231.814453125,0
1230.892578125,0
1229.970703125,0
1229.048828125,0
1228.126953125,0
1228.126953125,0
1227.086328125,0
1226.045703125,0
1225.005078125,0
1223.964453125,0
1222.923828125,0
1221.883203125,0
1220.842578125,0
1219.801953125,0
1218.761328125,0
1217.720703125,0
1213.767578125,3.875
1209.814453125,7.765625
1209.814453125,18.015625
1209.814453125,47.703125
1209.814453125,47.703125
1209.155078125,47.703125
1208.495703125,47.703125
1207.836328125,47.703125
1207.176953125,47.703125
1206.517578125,47.703125
1205.858203125,47.703125
1205.198828125,47.703125
1204.539453125,47.703125
1203.880078125,47.703125
1203.220703125,47.703125
1203.220703125,47.703125
1203.220703125,48.4015625
1203.220703125,49.1
1203.220703125,49.7984375
1203.220703125,50.496875
1203.220703125,51.1953125
1203.220703125,51.89375
1203.220703125,52.5921875
1203.220703125,53.290625
1203.220703125,53.9890625
1203.220703125,54.6875
1203.220703125,54.6875
1203.880078125,54.6875
1204.539453125,54.6875
1205.198828125,54.6875
1205.858203125,54.6875
1206.517578125,54.6875
1207.176953125,54.6875
1207.836328125,54.6875
1208.495703125,54.6875
1209.155078125,54.6875
1209.814453125,54.6875
1209.814453125,54.6875
1209.814453125,56.240625
1209.814453125,57.79375
1209.814453125,59.346875
1209.814453125,60.9
1209.814453125,62.453125
1209.814453125,64.00625
1209.814453125,65.559375
1209.814453125,67.1125
1209.814453125,68.665625
1209.814453125,70.21875
1209.814453125,70.21875
1210.717578125,70.21875
1211.620703125,70.21875
1212.523828125,70.21875
1213.426953125,70.21875
1214.330078125,70.21875
1215.233203125,70.21875
1216.136328125,70.21875
1217.039453125,70.21875
1217.942578125,70.21875
1218.845703125,70.21875
1218.845703125,70.21875
1217.014453125,63.196875
1215.183203125,56.175
1213.351953125,49.153125
1211.520703125,42.13125
1209.689453125,35.109375
1207.858203125,28.0875
1206.026953125,21.065625
1204.195703125,14.04375
1202.364453125,7.021875
1200.533203125,0
1249.5546875,72.90625
1249.5546875,72.90625
1251.025,72.90625
1252.4953125,72.90625
1253.965625,72.90625
1255.4359375,72.90625
1256.90625,72.90625
1258.3765625,72.90625
1259.846875,72.90625
1261.3171875,72.90625
1262.7875,72.90625
1264.2578125,72.90625
1264.2578125,72.90625
1266.1171875,67.9453125
1267.9765625,62.984375
1269.8359375,58.0234375
1271.6953125,53.0625
1273.5546875,48.1015625
1275.4140625,43.140625
1277.2734375,38.1796875
1279.1328125,33.21875
1280.9921875,28.2578125
1282.8515625,23.296875
1282.8515625,23.296875
1284.721875,28.2578125
1286.5921875,33.21875
1288.4625,38.1796875
1290.3328125,43.140625
1292.203125,48.1015625
1294.0734375,53.0625
1295.94375,58.0234375
1297.8140625,62.984375
1299.684375,67.9453125
1301.5546875,72.90625
1301.5546875,72.90625
1303.025,72.90625
1304.4953125,72.90625
1305.965625,72.90625
1307.4359375,72.90625
1308.90625,72.90625
1310.3765625,72.90625
1311.846875,72.90625
1313.3171875,72.90625
1314.7875,72.90625
1316.2578125,72.90625
1316.2578125,72.90625
1316.2578125,65.615625
1316.2578125,58.325
1316.2578125,51.034375
1316.2578125,43.74375
1316.2578125,36.453125
1316.2578125,29.1625
1316.2578125,21.871875
1316.2578125,14.58125
1316.2578125,7.29062499999999
1316.2578125,0
1316.2578125,0
1315.2953125,0
1314.3328125,0
1313.3703125,0
1312.4078125,0
1311.4453125,0
1310.4828125,0
1309.5203125,0
1308.5578125,0
1307.5953125,0
1306.6328125,0
1306.6328125,0
1306.6328125,6.4015625
1306.6328125,12.803125
1306.6328125,19.2046875
1306.6328125,25.60625
1306.6328125,32.0078125
1306.6328125,38.409375
1306.6328125,44.8109375
1306.6328125,51.2125
1306.6328125,57.6140625
1306.6328125,64.015625
1306.6328125,64.015625
1304.753125,59.015625
1302.8734375,54.015625
1300.99375,49.015625
1299.1140625,44.015625
1297.234375,39.015625
1295.3546875,34.015625
1293.475,29.015625
1291.5953125,24.015625
1289.715625,19.015625
1287.8359375,14.015625
1287.8359375,14.015625
1286.8453125,14.015625
1285.8546875,14.015625
1284.8640625,14.015625
1283.8734375,14.015625
1282.8828125,14.015625
1281.8921875,14.015625
1280.9015625,14.015625
1279.9109375,14.015625
1278.9203125,14.015625
1277.9296875,14.015625
1277.9296875,14.015625
1276.05,19.015625
1274.1703125,24.015625
1272.290625,29.015625
1270.4109375,34.015625
1268.53125,39.015625
1266.6515625,44.015625
1264.771875,49.015625
1262.8921875,54.015625
1261.0125,59.015625
1259.1328125,64.015625
1259.1328125,64.015625
1259.1328125,57.6140625
1259.1328125,51.2125
1259.1328125,44.8109375
1259.1328125,38.409375
1259.1328125,32.0078125
1259.1328125,25.60625
1259.1328125,19.2046875
1259.1328125,12.803125
1259.1328125,6.4015625
1259.1328125,0
1259.1328125,0
1258.175,0
1257.2171875,0
1256.259375,0
1255.3015625,0
1254.34375,0
1253.3859375,0
1252.428125,0
1251.4703125,0
1250.5125,0
1249.5546875,0
1249.5546875,0
1249.5546875,7.290625
1249.5546875,14.58125
1249.5546875,21.871875
1249.5546875,29.1625
1249.5546875,36.453125
1249.5546875,43.74375
1249.5546875,51.034375
1249.5546875,58.325
1249.5546875,65.615625
1249.5546875,72.90625
1249.5546875,72.90625
1248.5734375,65.615625
1247.5921875,58.325
1246.6109375,51.034375
1245.6296875,43.74375
1244.6484375,36.453125
1243.6671875,29.1625
1242.6859375,21.871875
1241.7046875,14.58125
1240.7234375,7.29062499999999
1239.7421875,0
1382.224609375,29.59375
1382.224609375,29.59375
1382.224609375,29.1546875
1382.224609375,28.715625
1382.224609375,28.2765625
1382.224609375,27.8375
1382.224609375,27.3984375
1382.224609375,26.959375
1382.224609375,26.5203125
1382.224609375,26.08125
1382.224609375,25.6421875
1382.224609375,25.203125
1382.224609375,25.203125
1378.093359375,25.203125
1373.962109375,25.203125
1369.830859375,25.203125
1365.699609375,25.203125
1361.568359375,25.203125
1357.437109375,25.203125
1353.305859375,25.203125
1349.174609375,25.203125
1345.043359375,25.203125
1340.912109375,25.203125
1340.912109375,25.203125
1340.971484375,24.275
1341.030859375,23.346875
1341.090234375,22.41875
1341.149609375,21.490625
1341.208984375,20.5625
1341.268359375,19.634375
1341.327734375,18.70625
1341.387109375,17.778125
1341.446484375,16.85
1341.505859375,15.921875
1346.505859375,11.0625
1351.505859375,6.203125
1360.443359375,6.203125
1365.615234375,6.203125
1370.474609375,7.46875
1375.333984375,8.734375
1380.130859375,11.28125
1380.130859375,2.78125
1380.130859375,2.78125
1379.646484375,2.5765625
1379.162109375,2.371875
1378.677734375,2.1671875
1378.193359375,1.9625
1377.708984375,1.7578125
1377.224609375,1.553125
1376.740234375,1.3484375
1376.255859375,1.14375
1375.771484375,0.9390625
1375.287109375,0.734375
1370.208984375,-0.34375
1365.130859375,-1.421875
1359.912109375,-1.421875
1346.818359375,-1.421875
1339.177734375,6.1875
1331.537109375,13.8125
1331.537109375,26.8125
1331.537109375,40.234375
1338.787109375,48.109375
1346.037109375,56
1358.349609375,56
1369.380859375,56
1375.802734375,48.890625
1382.224609375,41.796875
1382.224609375,29.59375
1326.021484375,0
1373.240234375,32.234375
1373.240234375,32.234375
1373.230859375,32.9703125
1373.221484375,33.70625
1373.212109375,34.4421875
1373.202734375,35.178125
1373.193359375,35.9140625
1373.183984375,36.65
1373.174609375,37.3859375
1373.165234375,38.121875
1373.155859375,38.8578125
1373.146484375,39.59375
1369.115234375,43.984375
1365.083984375,48.390625
1358.443359375,48.390625
1350.927734375,48.390625
1346.412109375,44.140625
1341.896484375,39.890625
1341.208984375,32.171875
1373.240234375,32.234375
1373.240234375,32.234375
1368.518359375,29.0109375
1363.796484375,25.7875
1359.074609375,22.5640625
1354.352734375,19.340625
1349.630859375,16.1171875
1344.908984375,12.89375
1340.187109375,9.6703125
1335.465234375,6.446875
1330.743359375,3.2234375
1326.021484375,0
1432.951171875,46.390625
1432.951171875,46.390625
1432.951171875,49.35
1432.951171875,52.309375
1432.951171875,55.26875
1432.951171875,58.228125
1432.951171875,61.1875
1432.951171875,64.146875
1432.951171875,67.10625
1432.951171875,70.065625
1432.951171875,73.025
1432.951171875,75.984375
1432.951171875,75.984375
1433.849609375,75.984375
1434.748046875,75.984375
1435.646484375,75.984375
1436.544921875,75.984375
1437.443359375,75.984375
1438.341796875,75.984375
1439.240234375,75.984375
1440.138671875,75.984375
1441.037109375,75.984375
1441.935546875,75.984375
1441.935546875,75.984375
1441.935546875,68.3859375
1441.935546875,60.7875
1441.935546875,53.1890625
1441.935546875,45.590625
1441.935546875,37.9921875
1441.935546875,30.39375
1441.935546875,22.7953125
1441.935546875,15.196875
1441.935546875,7.5984375
1441.935546875,0
1441.935546875,0
1441.037109375,0
1440.138671875,0
1439.240234375,0
1438.341796875,0
1437.443359375,0
1436.544921875,0
1435.646484375,0
1434.748046875,0
1433.849609375,0
1432.951171875,0
1432.951171875,0
1432.951171875,0.8203125
1432.951171875,1.640625
1432.951171875,2.4609375
1432.951171875,3.28125
1432.951171875,4.1015625
1432.951171875,4.921875
1432.951171875,5.7421875
1432.951171875,6.5625
1432.951171875,7.3828125
1432.951171875,8.203125
1432.951171875,8.203125
1432.668359375,7.715625
1432.385546875,7.228125
1432.102734375,6.740625
1431.819921875,6.253125
1431.537109375,5.765625
1431.254296875,5.278125
1430.971484375,4.790625
1430.688671875,4.303125
1430.405859375,3.815625
1430.123046875,3.328125
1425.794921875,0.953125
1421.482421875,-1.421875
1415.419921875,-1.421875
1405.513671875,-1.421875
1399.279296875,6.484375
1393.060546875,14.40625
1393.060546875,27.296875
1393.060546875,40.1875
1399.279296875,48.09375
1405.513671875,56
1415.419921875,56
1421.482421875,56
1425.794921875,53.625
1430.123046875,51.265625
1432.951171875,46.390625
1387.544921875,0
1402.341796875,27.296875
1402.341796875,27.296875
1402.341796875,26.30625
1402.341796875,25.315625
1402.341796875,24.325
1402.341796875,23.334375
1402.341796875,22.34375
1402.341796875,21.353125
1402.341796875,20.3625
1402.341796875,19.371875
1402.341796875,18.38125
1402.341796875,17.390625
1406.419921875,11.75
1410.498046875,6.109375
1417.623046875,6.109375
1424.748046875,6.109375
1428.841796875,11.75
1432.951171875,17.390625
1432.951171875,27.296875
1432.951171875,37.203125
1428.841796875,42.84375
1424.748046875,48.484375
1417.623046875,48.484375
1410.498046875,48.484375
1406.419921875,42.84375
1402.341796875,37.203125
1402.341796875,27.296875
1387.544921875,0
1485.302734375,27.484375
1485.302734375,27.484375
1484.213671875,27.484375
1483.124609375,27.484375
1482.035546875,27.484375
1480.946484375,27.484375
1479.857421875,27.484375
1478.768359375,27.484375
1477.679296875,27.484375
1476.590234375,27.484375
1475.501171875,27.484375
1474.412109375,27.484375
1470.208984375,25
1466.005859375,22.515625
1466.005859375,16.5
1466.005859375,11.71875
1469.162109375,8.90625
1472.318359375,6.109375
1477.724609375,6.109375
1485.208984375,6.109375
1489.724609375,11.40625
1494.240234375,16.703125
1494.240234375,25.484375
1494.240234375,27.484375
1494.240234375,27.484375
1493.346484375,27.484375
1492.452734375,27.484375
1491.558984375,27.484375
1490.665234375,27.484375
1489.771484375,27.484375
1488.877734375,27.484375
1487.983984375,27.484375
1487.090234375,27.484375
1486.196484375,27.484375
1485.302734375,27.484375
1485.302734375,27.484375
1481.874609375,24.7359375
1478.446484375,21.9875
1475.018359375,19.2390625
1471.590234375,16.490625
1468.162109375,13.7421875
1464.733984375,10.99375
1461.305859375,8.2453125
1457.877734375,5.496875
1454.449609375,2.7484375
1451.021484375,0
1503.224609375,31.203125
1503.224609375,31.203125
1503.224609375,28.0828125
1503.224609375,24.9625
1503.224609375,21.8421875
1503.224609375,18.721875
1503.224609375,15.6015625
1503.224609375,12.48125
1503.224609375,9.3609375
1503.224609375,6.240625
1503.224609375,3.1203125
1503.224609375,0
1503.224609375,0
1502.326171875,0
1501.427734375,0
1500.529296875,0
1499.630859375,0
1498.732421875,0
1497.833984375,0
1496.935546875,0
1496.037109375,0
1495.138671875,0
1494.240234375,0
1494.240234375,0
1494.240234375,0.8296875
1494.240234375,1.659375
1494.240234375,2.4890625
1494.240234375,3.31875
1494.240234375,4.1484375
1494.240234375,4.978125
1494.240234375,5.8078125
1494.240234375,6.6375
1494.240234375,7.4671875
1494.240234375,8.296875
1494.240234375,8.296875
1493.932421875,7.8
1493.624609375,7.303125
1493.316796875,6.80625
1493.008984375,6.309375
1492.701171875,5.8125
1492.393359375,5.315625
1492.085546875,4.81875
1491.777734375,4.321875
1491.469921875,3.825
1491.162109375,3.328125
1486.568359375,0.953125
1481.974609375,-1.421875
1475.333984375,-1.421875
1466.943359375,-1.421875
1461.974609375,3.296875
1457.021484375,8.015625
1457.021484375,15.921875
1457.021484375,25.140625
1463.193359375,29.828125
1469.380859375,34.515625
1481.630859375,34.515625
1494.240234375,34.515625
1494.240234375,34.515625
1494.240234375,34.6046875
1494.240234375,34.69375
1494.240234375,34.7828125
1494.240234375,34.871875
1494.240234375,34.9609375
1494.240234375,35.05
1494.240234375,35.1390625
1494.240234375,35.228125
1494.240234375,35.3171875
1494.240234375,35.40625
1494.240234375,35.40625
1494.240234375,36.0265625
1494.240234375,36.646875
1494.240234375,37.2671875
1494.240234375,37.8875
1494.240234375,38.5078125
1494.240234375,39.128125
1494.240234375,39.7484375
1494.240234375,40.36875
1494.240234375,40.9890625
1494.240234375,41.609375
1490.162109375,45
1486.083984375,48.390625
1478.708984375,48.390625
1474.021484375,48.390625
1469.568359375,47.265625
1465.130859375,46.140625
1461.037109375,43.890625
1461.037109375,52.203125
1461.037109375,52.203125
1461.529296875,52.39375
1462.021484375,52.584375
1462.513671875,52.775
1463.005859375,52.965625
1463.498046875,53.15625
1463.990234375,53.346875
1464.482421875,53.5375
1464.974609375,53.728125
1465.466796875,53.91875
1465.958984375,54.109375
1470.599609375,55.046875
1475.240234375,56
1479.630859375,56
1491.505859375,56
1497.365234375,49.84375
1503.224609375,43.703125
1503.224609375,31.203125
1451.021484375,0
1521.72265625,75.984375
1521.72265625,75.984375
1522.62109375,75.984375
1523.51953125,75.984375
1524.41796875,75.984375
1525.31640625,75.984375
1526.21484375,75.984375
1527.11328125,75.984375
1528.01171875,75.984375
1528.91015625,75.984375
1529.80859375,75.984375
1530.70703125,75.984375
1530.70703125,75.984375
1530.70703125,68.3859375
1530.70703125,60.7875
1530.70703125,53.1890625
1530.70703125,45.590625
1530.70703125,37.9921875
1530.70703125,30.39375
1530.70703125,22.7953125
1530.70703125,15.196875
1530.70703125,7.5984375
1530.70703125,0
1530.70703125,0
1529.80859375,0
1528.91015625,0
1528.01171875,0
1527.11328125,0
1526.21484375,0
1525.31640625,0
1524.41796875,0
1523.51953125,0
1522.62109375,0
1521.72265625,0
1521.72265625,0
1521.72265625,7.5984375
1521.72265625,15.196875
1521.72265625,22.7953125
1521.72265625,30.39375
1521.72265625,37.9921875
1521.72265625,45.590625
1521.72265625,53.1890625
1521.72265625,60.7875
1521.72265625,68.3859375
1521.72265625,75.984375
1521.72265625,75.984375
1520.78046875,68.3859375
1519.83828125,60.7875
1518.89609375,53.1890625
1517.95390625,45.590625
1517.01171875,37.9921875
1516.06953125,30.39375
1515.12734375,22.7953125
1514.18515625,15.196875
1513.24296875,7.5984375
1512.30078125,0
